geographic_area,indicator,sex,year,child_labour_percentage,Collection_Point,coverage_time,age_group
 Central Africa,Percentage of children (aged 5-17 years) engaged in child labour (economic activities),Female,2024,21.9,End of fieldwork,2020-24,5 to 17 years old
 Central Africa,Percentage of children (aged 5-17 years) engaged in child labour (economic activities),Male,2024,25.3,End of fieldwork,2020-24,5 to 17 years old
 Central Africa,Percentage of children (aged 5-17 years) engaged in child labour (economic activities),Total,2024,23.6,End of fieldwork,2020-24,5 to 17 years old
 Eastern Africa,Percentage of children (aged 5-17 years) engaged in child labour (economic activities),Female,2024,20.2,End of fieldwork,2020-24,5 to 17 years old
 Eastern Africa,Percentage of children (aged 5-17 years) engaged in child labour (economic activities),Male,2024,21.3,End of fieldwork,2020-24,5 to 17 years old
 Eastern Africa,Percentage of children (aged 5-17 years) engaged in child labour (economic activities),Total,2024,20.7,End of fieldwork,2020-24,5 to 17 years old
 North Africa,Percentage of children (aged 5-17 years) engaged in child labour (economic activities),Female,2024,7.9,End of fieldwork,2020-24,5 to 17 years old
 North Africa,Percentage of children (aged 5-17 years) engaged in child labour (economic activities),Male,2024,13.3,End of fieldwork,2020-24,5 to 17 years old
 North Africa,Percentage of children (aged 5-17 years) engaged in child labour (economic activities),Total,2024,10.6,End of fieldwork,2020-24,5 to 17 years old
 Southern Africa,Percentage of children (aged 5-17 years) engaged in child labour (economic activities),Female,2024,14,End of fieldwork,2020-24,5 to 17 years old
 Southern Africa,Percentage of children (aged 5-17 years) engaged in child labour (economic activities),Male,2024,14.5,End of fieldwork,2020-24,5 to 17 years old
 Southern Africa,Percentage of children (aged 5-17 years) engaged in child labour (economic activities),Total,2024,14.3,End of fieldwork,2020-24,5 to 17 years old
 United Nations Economic Commission for Africa,Percentage of children (aged 5-17 years) engaged in child labour (economic activities),Female,2024,18.8,End of fieldwork,2020-24,5 to 17 years old
 United Nations Economic Commission for Africa,Percentage of children (aged 5-17 years) engaged in child labour (economic activities),Male,2024,20.8,End of fieldwork,2020-24,5 to 17 years old
 United Nations Economic Commission for Africa,Percentage of children (aged 5-17 years) engaged in child labour (economic activities),Total,2024,19.8,End of fieldwork,2020-24,5 to 17 years old
 West Africa,Percentage of children (aged 5-17 years) engaged in child labour (economic activities),Female,2024,24.3,End of fieldwork,2020-24,5 to 17 years old
 West Africa,Percentage of children (aged 5-17 years) engaged in child labour (economic activities),Male,2024,25.9,End of fieldwork,2020-24,5 to 17 years old
 West Africa,Percentage of children (aged 5-17 years) engaged in child labour (economic activities),Total,2024,25.1,End of fieldwork,2020-24,5 to 17 years old
Afghanistan,Percentage of children (aged 5-17 years) engaged in child labour (economic activities),Female,2023,10.9,End of fieldwork,2022-23,5 to 17 years old
Afghanistan,Percentage of children (aged 5-17 years) engaged in child labour (economic activities),Male,2023,15.6,End of fieldwork,2022-23,5 to 17 years old
Afghanistan,Percentage of children (aged 5-17 years) engaged in child labour (economic activities),Total,2023,13.3,End of fieldwork,2022-23,5 to 17 years old
African Union,Percentage of children (aged 5-17 years) engaged in child labour (economic activities),Female,2024,18.8,End of fieldwork,2020-24,5 to 17 years old
African Union,Percentage of children (aged 5-17 years) engaged in child labour (economic activities),Male,2024,20.8,End of fieldwork,2020-24,5 to 17 years old
African Union,Percentage of children (aged 5-17 years) engaged in child labour (economic activities),Total,2024,19.8,End of fieldwork,2020-24,5 to 17 years old
Angola,Percentage of children (aged 5-17 years) engaged in child labour (economic activities),Female,2024,9,End of fieldwork,2023-24,5 to 17 years old
Angola,Percentage of children (aged 5-17 years) engaged in child labour (economic activities),Male,2024,8,End of fieldwork,2023-24,5 to 17 years old
Angola,Percentage of children (aged 5-17 years) engaged in child labour (economic activities),Total,2024,8.5,End of fieldwork,2023-24,5 to 17 years old
Arab Maghreb Union (AMU),Percentage of children (aged 5-17 years) engaged in child labour (economic activities),Female,2024,2.9,End of fieldwork,2020-24,5 to 17 years old
Arab Maghreb Union (AMU),Percentage of children (aged 5-17 years) engaged in child labour (economic activities),Male,2024,5.5,End of fieldwork,2020-24,5 to 17 years old
Arab Maghreb Union (AMU),Percentage of children (aged 5-17 years) engaged in child labour (economic activities),Total,2024,4.2,End of fieldwork,2020-24,5 to 17 years old
Azerbaijan,Percentage of children (aged 5-17 years) engaged in child labour (economic activities),Female,2023,2.9,End of fieldwork,2023,5 to 17 years old
Azerbaijan,Percentage of children (aged 5-17 years) engaged in child labour (economic activities),Male,2023,6.4,End of fieldwork,2023,5 to 17 years old
Azerbaijan,Percentage of children (aged 5-17 years) engaged in child labour (economic activities),Total,2023,4.8,End of fieldwork,2023,5 to 17 years old
Bangladesh,Percentage of children (aged 5-17 years) engaged in child labour (economic activities),Female,2025,4,End of fieldwork,2025,5 to 17 years old
Bangladesh,Percentage of children (aged 5-17 years) engaged in child labour (economic activities),Male,2025,10,End of fieldwork,2025,5 to 17 years old
Bangladesh,Percentage of children (aged 5-17 years) engaged in child labour (economic activities),Total,2025,7,End of fieldwork,2025,5 to 17 years old
Benin,Percentage of children (aged 5-17 years) engaged in child labour (economic activities),Female,2022,14.2,End of fieldwork,2021-22,5 to 17 years old
Benin,Percentage of children (aged 5-17 years) engaged in child labour (economic activities),Male,2022,17.8,End of fieldwork,2021-22,5 to 17 years old
Benin,Percentage of children (aged 5-17 years) engaged in child labour (economic activities),Total,2022,16,End of fieldwork,2021-22,5 to 17 years old
Bolivia (Plurinational State of),Percentage of children (aged 5-17 years) engaged in child labour (economic activities),Female,2023,12,End of fieldwork,2023,10 to 17 years old
Bolivia (Plurinational State of),Percentage of children (aged 5-17 years) engaged in child labour (economic activities),Male,2023,13.1,End of fieldwork,2023,10 to 17 years old
Bolivia (Plurinational State of),Percentage of children (aged 5-17 years) engaged in child labour (economic activities),Total,2023,12.6,End of fieldwork,2023,10 to 17 years old
Brazil,Percentage of children (aged 5-17 years) engaged in child labour (economic activities),Female,2022,1,End of fieldwork,2022,5 to 17 years old
Brazil,Percentage of children (aged 5-17 years) engaged in child labour (economic activities),Male,2022,2,End of fieldwork,2022,5 to 17 years old
Brazil,Percentage of children (aged 5-17 years) engaged in child labour (economic activities),Total,2022,1.5,End of fieldwork,2022,5 to 17 years old
Burkina Faso,Percentage of children (aged 5-17 years) engaged in child labour (economic activities),Female,2022,20.2,End of fieldwork,2022,5 to 17 years old
Burkina Faso,Percentage of children (aged 5-17 years) engaged in child labour (economic activities),Male,2022,16.7,End of fieldwork,2022,5 to 17 years old
Burkina Faso,Percentage of children (aged 5-17 years) engaged in child labour (economic activities),Total,2022,18.4,End of fieldwork,2022,5 to 17 years old
Burundi,Percentage of children (aged 5-17 years) engaged in child labour (economic activities),Female,2020,54.9,End of fieldwork,2020,5 to 17 years old
Burundi,Percentage of children (aged 5-17 years) engaged in child labour (economic activities),Male,2020,52.2,End of fieldwork,2020,5 to 17 years old
Burundi,Percentage of children (aged 5-17 years) engaged in child labour (economic activities),Total,2020,53.5,End of fieldwork,2020,5 to 17 years old
Cambodia,Percentage of children (aged 5-17 years) engaged in child labour (economic activities),Female,2023,7.1,End of fieldwork,2023,5 to 17 years old
Cambodia,Percentage of children (aged 5-17 years) engaged in child labour (economic activities),Male,2023,8.4,End of fieldwork,2023,5 to 17 years old
Cambodia,Percentage of children (aged 5-17 years) engaged in child labour (economic activities),Total,2023,7.8,End of fieldwork,2023,5 to 17 years old
Central Africa (African Union),Percentage of children (aged 5-17 years) engaged in child labour (economic activities),Female,2024,21.2,End of fieldwork,2020-24,5 to 17 years old
Central Africa (African Union),Percentage of children (aged 5-17 years) engaged in child labour (economic activities),Male,2024,21.5,End of fieldwork,2020-24,5 to 17 years old
Central Africa (African Union),Percentage of children (aged 5-17 years) engaged in child labour (economic activities),Total,2024,21.3,End of fieldwork,2020-24,5 to 17 years old
Central and Southern Asia (UNSDG),Percentage of children (aged 5-17 years) engaged in child labour (economic activities),Female,2024,2.149,End of fieldwork,2020-24,5 to 17 years old
Central and Southern Asia (UNSDG),Percentage of children (aged 5-17 years) engaged in child labour (economic activities),Male,2024,4.519,End of fieldwork,2020-24,5 to 17 years old
Central and Southern Asia (UNSDG),Percentage of children (aged 5-17 years) engaged in child labour (economic activities),Total,2024,3.38,End of fieldwork,2020-24,5 to 17 years old
Chile,Percentage of children (aged 5-17 years) engaged in child labour (economic activities),Female,2023,3.6,End of fieldwork,2023,5 to 17 years old
Chile,Percentage of children (aged 5-17 years) engaged in child labour (economic activities),Male,2023,4.6,End of fieldwork,2023,5 to 17 years old
Chile,Percentage of children (aged 5-17 years) engaged in child labour (economic activities),Total,2023,4.1,End of fieldwork,2023,5 to 17 years old
Colombia,Percentage of children (aged 5-17 years) engaged in child labour (economic activities),Female,2024,0.7,End of fieldwork,2024,5 to 17 years old
Colombia,Percentage of children (aged 5-17 years) engaged in child labour (economic activities),Male,2024,1.6,End of fieldwork,2024,5 to 17 years old
Colombia,Percentage of children (aged 5-17 years) engaged in child labour (economic activities),Total,2024,1.1,End of fieldwork,2024,5 to 17 years old
Common Market for Eastern and Southern Africa (COMESA),Percentage of children (aged 5-17 years) engaged in child labour (economic activities),Female,2024,18.1,End of fieldwork,2020-24,5 to 17 years old
Common Market for Eastern and Southern Africa (COMESA),Percentage of children (aged 5-17 years) engaged in child labour (economic activities),Male,2024,20.2,End of fieldwork,2020-24,5 to 17 years old
Common Market for Eastern and Southern Africa (COMESA),Percentage of children (aged 5-17 years) engaged in child labour (economic activities),Total,2024,19.1,End of fieldwork,2020-24,5 to 17 years old
Community of Sahel-Saharan States (CEN-SAD),Percentage of children (aged 5-17 years) engaged in child labour (economic activities),Female,2024,19.9,End of fieldwork,2020-24,5 to 17 years old
Community of Sahel-Saharan States (CEN-SAD),Percentage of children (aged 5-17 years) engaged in child labour (economic activities),Male,2024,22.6,End of fieldwork,2020-24,5 to 17 years old
Community of Sahel-Saharan States (CEN-SAD),Percentage of children (aged 5-17 years) engaged in child labour (economic activities),Total,2024,21.2,End of fieldwork,2020-24,5 to 17 years old
Comoros,Percentage of children (aged 5-17 years) engaged in child labour (economic activities),Female,2022,4.9,End of fieldwork,2022,5 to 17 years old
Comoros,Percentage of children (aged 5-17 years) engaged in child labour (economic activities),Male,2022,6.7,End of fieldwork,2022,5 to 17 years old
Comoros,Percentage of children (aged 5-17 years) engaged in child labour (economic activities),Total,2022,5.8,End of fieldwork,2022,5 to 17 years old
Côte d'Ivoire,Percentage of children (aged 5-17 years) engaged in child labour (economic activities),Female,2022,13.3,End of fieldwork,2022,5 to 17 years old
Côte d'Ivoire,Percentage of children (aged 5-17 years) engaged in child labour (economic activities),Male,2022,12.4,End of fieldwork,2022,5 to 17 years old
Côte d'Ivoire,Percentage of children (aged 5-17 years) engaged in child labour (economic activities),Total,2022,12.8,End of fieldwork,2022,5 to 17 years old
Democratic Republic of the Congo,Percentage of children (aged 5-17 years) engaged in child labour (economic activities),Female,2024,6.6,End of fieldwork,2023-24,5 to 17 years old
Democratic Republic of the Congo,Percentage of children (aged 5-17 years) engaged in child labour (economic activities),Male,2024,8.3,End of fieldwork,2023-24,5 to 17 years old
Democratic Republic of the Congo,Percentage of children (aged 5-17 years) engaged in child labour (economic activities),Total,2024,7.5,End of fieldwork,2023-24,5 to 17 years old
East African Community (EAC),Percentage of children (aged 5-17 years) engaged in child labour (economic activities),Female,2024,20.1,End of fieldwork,2020-24,5 to 17 years old
East African Community (EAC),Percentage of children (aged 5-17 years) engaged in child labour (economic activities),Male,2024,20.9,End of fieldwork,2020-24,5 to 17 years old
East African Community (EAC),Percentage of children (aged 5-17 years) engaged in child labour (economic activities),Total,2024,20.5,End of fieldwork,2020-24,5 to 17 years old
East Asia and Pacific (UNICEF Rep.Regions),Percentage of children (aged 5-17 years) engaged in child labour (economic activities),Female,2024,2.794,End of fieldwork,2020-24,5 to 17 years old
East Asia and Pacific (UNICEF Rep.Regions),Percentage of children (aged 5-17 years) engaged in child labour (economic activities),Male,2024,3.525,End of fieldwork,2020-24,5 to 17 years old
East Asia and Pacific (UNICEF Rep.Regions),Percentage of children (aged 5-17 years) engaged in child labour (economic activities),Total,2024,3.178,End of fieldwork,2020-24,5 to 17 years old
Eastern Africa (African Union),Percentage of children (aged 5-17 years) engaged in child labour (economic activities),Female,2024,19.8,End of fieldwork,2020-24,5 to 17 years old
Eastern Africa (African Union),Percentage of children (aged 5-17 years) engaged in child labour (economic activities),Male,2024,21.4,End of fieldwork,2020-24,5 to 17 years old
Eastern Africa (African Union),Percentage of children (aged 5-17 years) engaged in child labour (economic activities),Total,2024,20.6,End of fieldwork,2020-24,5 to 17 years old
Eastern and South-Eastern Asia (UNSDG),Percentage of children (aged 5-17 years) engaged in child labour (economic activities),Female,2024,2.679,End of fieldwork,2020-24,5 to 17 years old
Eastern and South-Eastern Asia (UNSDG),Percentage of children (aged 5-17 years) engaged in child labour (economic activities),Male,2024,3.427,End of fieldwork,2020-24,5 to 17 years old
Eastern and South-Eastern Asia (UNSDG),Percentage of children (aged 5-17 years) engaged in child labour (economic activities),Total,2024,3.072,End of fieldwork,2020-24,5 to 17 years old
Economic Community of Central African States (ECCAS),Percentage of children (aged 5-17 years) engaged in child labour (economic activities),Female,2024,18.8,End of fieldwork,2020-24,5 to 17 years old
Economic Community of Central African States (ECCAS),Percentage of children (aged 5-17 years) engaged in child labour (economic activities),Male,2024,19.2,End of fieldwork,2020-24,5 to 17 years old
Economic Community of Central African States (ECCAS),Percentage of children (aged 5-17 years) engaged in child labour (economic activities),Total,2024,19,End of fieldwork,2020-24,5 to 17 years old
Economic Community of West African States (ECOWAS),Percentage of children (aged 5-17 years) engaged in child labour (economic activities),Female,2024,23,End of fieldwork,2020-24,5 to 17 years old
Economic Community of West African States (ECOWAS),Percentage of children (aged 5-17 years) engaged in child labour (economic activities),Male,2024,24.5,End of fieldwork,2020-24,5 to 17 years old
Economic Community of West African States (ECOWAS),Percentage of children (aged 5-17 years) engaged in child labour (economic activities),Total,2024,23.8,End of fieldwork,2020-24,5 to 17 years old
Ecuador,Percentage of children (aged 5-17 years) engaged in child labour (economic activities),Female,2024,4.2,End of fieldwork,2024,5 to 17 years old
Ecuador,Percentage of children (aged 5-17 years) engaged in child labour (economic activities),Male,2024,5.8,End of fieldwork,2024,5 to 17 years old
Ecuador,Percentage of children (aged 5-17 years) engaged in child labour (economic activities),Total,2024,5,End of fieldwork,2024,5 to 17 years old
Egypt,Percentage of children (aged 5-17 years) engaged in child labour (economic activities),Female,2023,5.6,End of fieldwork,2023,5 to 17 years old
Egypt,Percentage of children (aged 5-17 years) engaged in child labour (economic activities),Male,2023,11.1,End of fieldwork,2023,5 to 17 years old
Egypt,Percentage of children (aged 5-17 years) engaged in child labour (economic activities),Total,2023,8.5,End of fieldwork,2023,5 to 17 years old
El Salvador,Percentage of children (aged 5-17 years) engaged in child labour (economic activities),Female,2023,1.6,End of fieldwork,2023,5 to 17 years old
El Salvador,Percentage of children (aged 5-17 years) engaged in child labour (economic activities),Male,2023,4.1,End of fieldwork,2023,5 to 17 years old
El Salvador,Percentage of children (aged 5-17 years) engaged in child labour (economic activities),Total,2023,2.9,End of fieldwork,2023,5 to 17 years old
Eswatini,Percentage of children (aged 5-17 years) engaged in child labour (economic activities),Female,2022,11.7,End of fieldwork,2021-22,5 to 17 years old
Eswatini,Percentage of children (aged 5-17 years) engaged in child labour (economic activities),Male,2022,11,End of fieldwork,2021-22,5 to 17 years old
Eswatini,Percentage of children (aged 5-17 years) engaged in child labour (economic activities),Total,2022,11.3,End of fieldwork,2021-22,5 to 17 years old
Ethiopia,Percentage of children (aged 5-17 years) engaged in child labour (economic activities),Female,2021,15.9,End of fieldwork,2021,5 to 17 years old
Ethiopia,Percentage of children (aged 5-17 years) engaged in child labour (economic activities),Male,2021,21.4,End of fieldwork,2021,5 to 17 years old
Ethiopia,Percentage of children (aged 5-17 years) engaged in child labour (economic activities),Total,2021,18.7,End of fieldwork,2021,5 to 17 years old
Europe and Central Asia (UNICEF Rep.Regions),Percentage of children (aged 5-17 years) engaged in child labour (economic activities),Female,2024,2.606,End of fieldwork,2020-24,5 to 17 years old
Europe and Central Asia (UNICEF Rep.Regions),Percentage of children (aged 5-17 years) engaged in child labour (economic activities),Male,2024,4.089,End of fieldwork,2020-24,5 to 17 years old
Europe and Central Asia (UNICEF Rep.Regions),Percentage of children (aged 5-17 years) engaged in child labour (economic activities),Total,2024,3.366,End of fieldwork,2020-24,5 to 17 years old
Europe and Northern America (UNSDG),Percentage of children (aged 5-17 years) engaged in child labour (economic activities),Female,2024,0.583,End of fieldwork,2020-24,5 to 17 years old
Europe and Northern America (UNSDG),Percentage of children (aged 5-17 years) engaged in child labour (economic activities),Male,2024,0.977,End of fieldwork,2020-24,5 to 17 years old
Europe and Northern America (UNSDG),Percentage of children (aged 5-17 years) engaged in child labour (economic activities),Total,2024,0.785,End of fieldwork,2020-24,5 to 17 years old
Fiji,Percentage of children (aged 5-17 years) engaged in child labour (economic activities),Female,2021,12.3,End of fieldwork,2021,5 to 17 years old
Fiji,Percentage of children (aged 5-17 years) engaged in child labour (economic activities),Male,2021,18.8,End of fieldwork,2021,5 to 17 years old
Fiji,Percentage of children (aged 5-17 years) engaged in child labour (economic activities),Total,2021,15.6,End of fieldwork,2021,5 to 17 years old
Gabon,Percentage of children (aged 5-17 years) engaged in child labour (economic activities),Female,2021,3.9,End of fieldwork,2019-21,5 to 17 years old
Gabon,Percentage of children (aged 5-17 years) engaged in child labour (economic activities),Male,2021,7,End of fieldwork,2019-21,5 to 17 years old
Gabon,Percentage of children (aged 5-17 years) engaged in child labour (economic activities),Total,2021,5.4,End of fieldwork,2019-21,5 to 17 years old
Gambia,Percentage of children (aged 5-17 years) engaged in child labour (economic activities),Female,2023,14.1,End of fieldwork,2022-23,5 to 17 years old
Gambia,Percentage of children (aged 5-17 years) engaged in child labour (economic activities),Male,2023,16,End of fieldwork,2022-23,5 to 17 years old
Gambia,Percentage of children (aged 5-17 years) engaged in child labour (economic activities),Total,2023,15.1,End of fieldwork,2022-23,5 to 17 years old
Ghana,Percentage of children (aged 5-17 years) engaged in child labour (economic activities),Female,2022,5,End of fieldwork,2022,5 to 17 years old
Ghana,Percentage of children (aged 5-17 years) engaged in child labour (economic activities),Male,2022,5.9,End of fieldwork,2022,5 to 17 years old
Ghana,Percentage of children (aged 5-17 years) engaged in child labour (economic activities),Total,2022,5.5,End of fieldwork,2022,5 to 17 years old
Guatemala,Percentage of children (aged 5-17 years) engaged in child labour (economic activities),Female,2022,8.9,End of fieldwork,2022,7 to 17 years old
Guatemala,Percentage of children (aged 5-17 years) engaged in child labour (economic activities),Male,2022,15.5,End of fieldwork,2022,7 to 17 years old
Guatemala,Percentage of children (aged 5-17 years) engaged in child labour (economic activities),Total,2022,12.2,End of fieldwork,2022,7 to 17 years old
Guinea-Bissau,Percentage of children (aged 5-17 years) engaged in child labour (economic activities),Female,2022,30.7,End of fieldwork,2022,5 to 17 years old
Guinea-Bissau,Percentage of children (aged 5-17 years) engaged in child labour (economic activities),Male,2022,30,End of fieldwork,2022,5 to 17 years old
Guinea-Bissau,Percentage of children (aged 5-17 years) engaged in child labour (economic activities),Total,2022,30.4,End of fieldwork,2022,5 to 17 years old
Guyana,Percentage of children (aged 5-17 years) engaged in child labour (economic activities),Female,2020,4.6,End of fieldwork,2019-20,5 to 17 years old
Guyana,Percentage of children (aged 5-17 years) engaged in child labour (economic activities),Male,2020,5.1,End of fieldwork,2019-20,5 to 17 years old
Guyana,Percentage of children (aged 5-17 years) engaged in child labour (economic activities),Total,2020,4.9,End of fieldwork,2019-20,5 to 17 years old
Honduras,Percentage of children (aged 5-17 years) engaged in child labour (economic activities),Female,2023,8.2,End of fieldwork,2023,5 to 17 years old
Honduras,Percentage of children (aged 5-17 years) engaged in child labour (economic activities),Male,2023,17.5,End of fieldwork,2023,5 to 17 years old
Honduras,Percentage of children (aged 5-17 years) engaged in child labour (economic activities),Total,2023,12.9,End of fieldwork,2023,5 to 17 years old
India,Percentage of children (aged 5-17 years) engaged in child labour (economic activities),Female,2024,0.3,End of fieldwork,2024,5 to 17 years old
India,Percentage of children (aged 5-17 years) engaged in child labour (economic activities),Male,2024,1.4,End of fieldwork,2024,5 to 17 years old
India,Percentage of children (aged 5-17 years) engaged in child labour (economic activities),Total,2024,0.9,End of fieldwork,2024,5 to 17 years old
Indonesia,Percentage of children (aged 5-17 years) engaged in child labour (economic activities),Total,2025,1.6,End of fieldwork,2025,5 to 17 years old
Intergovernmental Authority on Development (IGAD),Percentage of children (aged 5-17 years) engaged in child labour (economic activities),Female,2024,20.4,End of fieldwork,2020-24,5 to 17 years old
Intergovernmental Authority on Development (IGAD),Percentage of children (aged 5-17 years) engaged in child labour (economic activities),Male,2024,21.7,End of fieldwork,2020-24,5 to 17 years old
Intergovernmental Authority on Development (IGAD),Percentage of children (aged 5-17 years) engaged in child labour (economic activities),Total,2024,21.1,End of fieldwork,2020-24,5 to 17 years old
Jamaica,Percentage of children (aged 5-17 years) engaged in child labour (economic activities),Female,2022,2.1,End of fieldwork,2022,5 to 17 years old
Jamaica,Percentage of children (aged 5-17 years) engaged in child labour (economic activities),Male,2022,3,End of fieldwork,2022,5 to 17 years old
Jamaica,Percentage of children (aged 5-17 years) engaged in child labour (economic activities),Total,2022,2.6,End of fieldwork,2022,5 to 17 years old
Kazakhstan,Percentage of children (aged 5-17 years) engaged in child labour (economic activities),Female,2024,5.5,End of fieldwork,2024,5 to 17 years old
Kazakhstan,Percentage of children (aged 5-17 years) engaged in child labour (economic activities),Male,2024,8,End of fieldwork,2024,5 to 17 years old
Kazakhstan,Percentage of children (aged 5-17 years) engaged in child labour (economic activities),Total,2024,6.8,End of fieldwork,2024,5 to 17 years old
Kenya,Percentage of children (aged 5-17 years) engaged in child labour (economic activities),Female,2021,3.2,End of fieldwork,2021,5 to 17 years old
Kenya,Percentage of children (aged 5-17 years) engaged in child labour (economic activities),Male,2021,5.3,End of fieldwork,2021,5 to 17 years old
Kenya,Percentage of children (aged 5-17 years) engaged in child labour (economic activities),Total,2021,4.3,End of fieldwork,2021,5 to 17 years old
Kyrgyzstan,Percentage of children (aged 5-17 years) engaged in child labour (economic activities),Female,2023,14.3,End of fieldwork,2023,5 to 17 years old
Kyrgyzstan,Percentage of children (aged 5-17 years) engaged in child labour (economic activities),Male,2023,21.6,End of fieldwork,2023,5 to 17 years old
Kyrgyzstan,Percentage of children (aged 5-17 years) engaged in child labour (economic activities),Total,2023,18,End of fieldwork,2023,5 to 17 years old
Lao People's Democratic Republic,Percentage of children (aged 5-17 years) engaged in child labour (economic activities),Female,2023,21.4,End of fieldwork,2023,5 to 17 years old
Lao People's Democratic Republic,Percentage of children (aged 5-17 years) engaged in child labour (economic activities),Male,2023,22.2,End of fieldwork,2023,5 to 17 years old
Lao People's Democratic Republic,Percentage of children (aged 5-17 years) engaged in child labour (economic activities),Total,2023,21.8,End of fieldwork,2023,5 to 17 years old
Latin America and the Caribbean (UNICEF Rep.Regions),Percentage of children (aged 5-17 years) engaged in child labour (economic activities),Female,2024,3.792,End of fieldwork,2020-24,5 to 17 years old
Latin America and the Caribbean (UNICEF Rep.Regions),Percentage of children (aged 5-17 years) engaged in child labour (economic activities),Male,2024,7.174,End of fieldwork,2020-24,5 to 17 years old
Latin America and the Caribbean (UNICEF Rep.Regions),Percentage of children (aged 5-17 years) engaged in child labour (economic activities),Total,2024,5.516,End of fieldwork,2020-24,5 to 17 years old
Latin America and the Caribbean (UNSDG),Percentage of children (aged 5-17 years) engaged in child labour (economic activities),Female,2024,3.792,End of fieldwork,2020-24,5 to 17 years old
Latin America and the Caribbean (UNSDG),Percentage of children (aged 5-17 years) engaged in child labour (economic activities),Male,2024,7.174,End of fieldwork,2020-24,5 to 17 years old
Latin America and the Caribbean (UNSDG),Percentage of children (aged 5-17 years) engaged in child labour (economic activities),Total,2024,5.516,End of fieldwork,2020-24,5 to 17 years old
Liberia,Percentage of children (aged 5-17 years) engaged in child labour (economic activities),Female,2020,21.5,End of fieldwork,2019-20,5 to 17 years old
Liberia,Percentage of children (aged 5-17 years) engaged in child labour (economic activities),Male,2020,20.8,End of fieldwork,2019-20,5 to 17 years old
Liberia,Percentage of children (aged 5-17 years) engaged in child labour (economic activities),Total,2020,21.1,End of fieldwork,2019-20,5 to 17 years old
Libya,Percentage of children (aged 5-17 years) engaged in child labour (economic activities),Female,2025,1.7,End of fieldwork,2024-25,5 to 17 years old
Libya,Percentage of children (aged 5-17 years) engaged in child labour (economic activities),Male,2025,3.6,End of fieldwork,2024-25,5 to 17 years old
Libya,Percentage of children (aged 5-17 years) engaged in child labour (economic activities),Total,2025,2.7,End of fieldwork,2024-25,5 to 17 years old
Madagascar,Percentage of children (aged 5-17 years) engaged in child labour (economic activities),Female,2022,25.1,End of fieldwork,2022,5 to 17 years old
Madagascar,Percentage of children (aged 5-17 years) engaged in child labour (economic activities),Male,2022,24.3,End of fieldwork,2022,5 to 17 years old
Madagascar,Percentage of children (aged 5-17 years) engaged in child labour (economic activities),Total,2022,24.7,End of fieldwork,2022,5 to 17 years old
Malawi,Percentage of children (aged 5-17 years) engaged in child labour (economic activities),Female,2020,28.1,End of fieldwork,2020,5 to 17 years old
Malawi,Percentage of children (aged 5-17 years) engaged in child labour (economic activities),Male,2020,20.1,End of fieldwork,2020,5 to 17 years old
Malawi,Percentage of children (aged 5-17 years) engaged in child labour (economic activities),Total,2020,24.1,End of fieldwork,2020,5 to 17 years old
Mali,Percentage of children (aged 5-17 years) engaged in child labour (economic activities),Female,2020,19.8,End of fieldwork,2020,5 to 17 years old
Mali,Percentage of children (aged 5-17 years) engaged in child labour (economic activities),Male,2020,22.1,End of fieldwork,2020,5 to 17 years old
Mali,Percentage of children (aged 5-17 years) engaged in child labour (economic activities),Total,2020,21,End of fieldwork,2020,5 to 17 years old
Mexico,Percentage of children (aged 5-17 years) engaged in child labour (economic activities),Female,2022,2.6,End of fieldwork,2022,5 to 17 years old
Mexico,Percentage of children (aged 5-17 years) engaged in child labour (economic activities),Male,2022,5.9,End of fieldwork,2022,5 to 17 years old
Mexico,Percentage of children (aged 5-17 years) engaged in child labour (economic activities),Total,2022,4.3,End of fieldwork,2022,5 to 17 years old
Middle East and North Africa (UNICEF Rep.Regions),Percentage of children (aged 5-17 years) engaged in child labour (economic activities),Female,2024,3.955,End of fieldwork,2020-24,5 to 17 years old
Middle East and North Africa (UNICEF Rep.Regions),Percentage of children (aged 5-17 years) engaged in child labour (economic activities),Male,2024,8.65,End of fieldwork,2020-24,5 to 17 years old
Middle East and North Africa (UNICEF Rep.Regions),Percentage of children (aged 5-17 years) engaged in child labour (economic activities),Total,2024,6.358,End of fieldwork,2020-24,5 to 17 years old
Mongolia,Percentage of children (aged 5-17 years) engaged in child labour (economic activities),Female,2023,5.1,End of fieldwork,2023,5 to 17 years old
Mongolia,Percentage of children (aged 5-17 years) engaged in child labour (economic activities),Male,2023,6.8,End of fieldwork,2023,5 to 17 years old
Mongolia,Percentage of children (aged 5-17 years) engaged in child labour (economic activities),Total,2023,6,End of fieldwork,2023,5 to 17 years old
Mozambique,Percentage of children (aged 5-17 years) engaged in child labour (economic activities),Female,2022,10.3,End of fieldwork,2022,5 to 17 years old
Mozambique,Percentage of children (aged 5-17 years) engaged in child labour (economic activities),Male,2022,11.6,End of fieldwork,2022,5 to 17 years old
Mozambique,Percentage of children (aged 5-17 years) engaged in child labour (economic activities),Total,2022,10.9,End of fieldwork,2022,5 to 17 years old
Nauru,Percentage of children (aged 5-17 years) engaged in child labour (economic activities),Female,2023,0.4,End of fieldwork,2023,5 to 17 years old
Nauru,Percentage of children (aged 5-17 years) engaged in child labour (economic activities),Male,2023,1.1,End of fieldwork,2023,5 to 17 years old
Nauru,Percentage of children (aged 5-17 years) engaged in child labour (economic activities),Total,2023,0.7,End of fieldwork,2023,5 to 17 years old
Niger,Percentage of children (aged 5-17 years) engaged in child labour (economic activities),Female,2022,39.4,End of fieldwork,2022,5 to 17 years old
Niger,Percentage of children (aged 5-17 years) engaged in child labour (economic activities),Male,2022,45.2,End of fieldwork,2022,5 to 17 years old
Niger,Percentage of children (aged 5-17 years) engaged in child labour (economic activities),Total,2022,42.4,End of fieldwork,2022,5 to 17 years old
Nigeria,Percentage of children (aged 5-17 years) engaged in child labour (economic activities),Female,2022,27.6,End of fieldwork,2022,5 to 17 years old
Nigeria,Percentage of children (aged 5-17 years) engaged in child labour (economic activities),Male,2022,28.7,End of fieldwork,2022,5 to 17 years old
Nigeria,Percentage of children (aged 5-17 years) engaged in child labour (economic activities),Total,2022,28.1,End of fieldwork,2022,5 to 17 years old
North America (UNICEF Rep.Regions),Percentage of children (aged 5-17 years) engaged in child labour (economic activities),Female,2024,0.211,End of fieldwork,2020-24,5 to 17 years old
North America (UNICEF Rep.Regions),Percentage of children (aged 5-17 years) engaged in child labour (economic activities),Male,2024,0.513,End of fieldwork,2020-24,5 to 17 years old
North America (UNICEF Rep.Regions),Percentage of children (aged 5-17 years) engaged in child labour (economic activities),Total,2024,0.366,End of fieldwork,2020-24,5 to 17 years old
Northern Africa (African Union),Percentage of children (aged 5-17 years) engaged in child labour (economic activities),Female,2024,5,End of fieldwork,2020-24,5 to 17 years old
Northern Africa (African Union),Percentage of children (aged 5-17 years) engaged in child labour (economic activities),Male,2024,12,End of fieldwork,2020-24,5 to 17 years old
Northern Africa (African Union),Percentage of children (aged 5-17 years) engaged in child labour (economic activities),Total,2024,8.6,End of fieldwork,2020-24,5 to 17 years old
Northern Africa and Western Asia (UNSDG),Percentage of children (aged 5-17 years) engaged in child labour (economic activities),Female,2024,5.95,End of fieldwork,2020-24,5 to 17 years old
Northern Africa and Western Asia (UNSDG),Percentage of children (aged 5-17 years) engaged in child labour (economic activities),Male,2024,10.6,End of fieldwork,2020-24,5 to 17 years old
Northern Africa and Western Asia (UNSDG),Percentage of children (aged 5-17 years) engaged in child labour (economic activities),Total,2024,8.325,End of fieldwork,2020-24,5 to 17 years old
Oceania (UNSDG),Percentage of children (aged 5-17 years) engaged in child labour (economic activities),Female,2024,6.608,End of fieldwork,2020-24,5 to 17 years old
Oceania (UNSDG),Percentage of children (aged 5-17 years) engaged in child labour (economic activities),Male,2024,6.858,End of fieldwork,2020-24,5 to 17 years old
Oceania (UNSDG),Percentage of children (aged 5-17 years) engaged in child labour (economic activities),Total,2024,6.737,End of fieldwork,2020-24,5 to 17 years old
Pakistan,Percentage of children (aged 5-17 years) engaged in child labour (economic activities),Female,2025,2.8,End of fieldwork,2024-25,10 to 17 years old
Pakistan,Percentage of children (aged 5-17 years) engaged in child labour (economic activities),Male,2025,12.6,End of fieldwork,2024-25,10 to 17 years old
Pakistan,Percentage of children (aged 5-17 years) engaged in child labour (economic activities),Total,2025,8,End of fieldwork,2024-25,10 to 17 years old
Panama,Percentage of children (aged 5-17 years) engaged in child labour (economic activities),Female,2024,2.1,End of fieldwork,2024,10 to 17 years old
Panama,Percentage of children (aged 5-17 years) engaged in child labour (economic activities),Male,2024,3.3,End of fieldwork,2024,10 to 17 years old
Panama,Percentage of children (aged 5-17 years) engaged in child labour (economic activities),Total,2024,2.7,End of fieldwork,2024,10 to 17 years old
Paraguay,Percentage of children (aged 5-17 years) engaged in child labour (economic activities),Female,2024,2.2,End of fieldwork,2024,10 to 17 years old
Paraguay,Percentage of children (aged 5-17 years) engaged in child labour (economic activities),Male,2024,8,End of fieldwork,2024,10 to 17 years old
Paraguay,Percentage of children (aged 5-17 years) engaged in child labour (economic activities),Total,2024,5.1,End of fieldwork,2024,10 to 17 years old
Peru,Percentage of children (aged 5-17 years) engaged in child labour (economic activities),Female,2024,12.7,End of fieldwork,2024,5 to 17 years old
Peru,Percentage of children (aged 5-17 years) engaged in child labour (economic activities),Male,2024,13.6,End of fieldwork,2024,5 to 17 years old
Peru,Percentage of children (aged 5-17 years) engaged in child labour (economic activities),Total,2024,13.2,End of fieldwork,2024,5 to 17 years old
Philippines,Percentage of children (aged 5-17 years) engaged in child labour (economic activities),Female,2023,0.7,End of fieldwork,2023,5 to 17 years old
Philippines,Percentage of children (aged 5-17 years) engaged in child labour (economic activities),Male,2023,1,End of fieldwork,2023,5 to 17 years old
Philippines,Percentage of children (aged 5-17 years) engaged in child labour (economic activities),Total,2023,0.8,End of fieldwork,2023,5 to 17 years old
Regional Economic Communities,Percentage of children (aged 5-17 years) engaged in child labour (economic activities),Female,2024,18.8,End of fieldwork,2020-24,5 to 17 years old
Regional Economic Communities,Percentage of children (aged 5-17 years) engaged in child labour (economic activities),Male,2024,20.8,End of fieldwork,2020-24,5 to 17 years old
Regional Economic Communities,Percentage of children (aged 5-17 years) engaged in child labour (economic activities),Total,2024,19.8,End of fieldwork,2020-24,5 to 17 years old
Russian Federation,Percentage of children (aged 5-17 years) engaged in child labour (economic activities),Female,2024,0,End of fieldwork,2024,5 to 17 years old
Russian Federation,Percentage of children (aged 5-17 years) engaged in child labour (economic activities),Male,2024,0,End of fieldwork,2024,5 to 17 years old
Russian Federation,Percentage of children (aged 5-17 years) engaged in child labour (economic activities),Total,2024,0,End of fieldwork,2024,5 to 17 years old
Rwanda,Percentage of children (aged 5-17 years) engaged in child labour (economic activities),Female,2024,4.3,End of fieldwork,2024,5 to 17 years old
Rwanda,Percentage of children (aged 5-17 years) engaged in child labour (economic activities),Male,2024,6.2,End of fieldwork,2024,5 to 17 years old
Rwanda,Percentage of children (aged 5-17 years) engaged in child labour (economic activities),Total,2024,5.2,End of fieldwork,2024,5 to 17 years old
Samoa,Percentage of children (aged 5-17 years) engaged in child labour (economic activities),Female,2022,4.9,End of fieldwork,2022,5 to 17 years old
Samoa,Percentage of children (aged 5-17 years) engaged in child labour (economic activities),Male,2022,8.7,End of fieldwork,2022,5 to 17 years old
Samoa,Percentage of children (aged 5-17 years) engaged in child labour (economic activities),Total,2022,6.9,End of fieldwork,2022,5 to 17 years old
Senegal,Percentage of children (aged 5-17 years) engaged in child labour (economic activities),Female,2022,4.7,End of fieldwork,2022,5 to 17 years old
Senegal,Percentage of children (aged 5-17 years) engaged in child labour (economic activities),Male,2022,12.6,End of fieldwork,2022,5 to 17 years old
Senegal,Percentage of children (aged 5-17 years) engaged in child labour (economic activities),Total,2022,8.6,End of fieldwork,2022,5 to 17 years old
South Asia (UNICEF Rep.Regions),Percentage of children (aged 5-17 years) engaged in child labour (economic activities),Female,2024,1.837,End of fieldwork,2020-24,5 to 17 years old
South Asia (UNICEF Rep.Regions),Percentage of children (aged 5-17 years) engaged in child labour (economic activities),Male,2024,4.231,End of fieldwork,2020-24,5 to 17 years old
South Asia (UNICEF Rep.Regions),Percentage of children (aged 5-17 years) engaged in child labour (economic activities),Total,2024,3.081,End of fieldwork,2020-24,5 to 17 years old
Southern Africa (African Union),Percentage of children (aged 5-17 years) engaged in child labour (economic activities),Female,2024,14,End of fieldwork,2020-24,5 to 17 years old
Southern Africa (African Union),Percentage of children (aged 5-17 years) engaged in child labour (economic activities),Male,2024,14.6,End of fieldwork,2020-24,5 to 17 years old
Southern Africa (African Union),Percentage of children (aged 5-17 years) engaged in child labour (economic activities),Total,2024,14.3,End of fieldwork,2020-24,5 to 17 years old
Southern African Development Community (SADC),Percentage of children (aged 5-17 years) engaged in child labour (economic activities),Female,2024,15.5,End of fieldwork,2020-24,5 to 17 years old
Southern African Development Community (SADC),Percentage of children (aged 5-17 years) engaged in child labour (economic activities),Male,2024,16.2,End of fieldwork,2020-24,5 to 17 years old
Southern African Development Community (SADC),Percentage of children (aged 5-17 years) engaged in child labour (economic activities),Total,2024,15.8,End of fieldwork,2020-24,5 to 17 years old
State of Palestine,Percentage of children (aged 5-17 years) engaged in child labour (economic activities),Female,2020,3.3,End of fieldwork,2019-20,5 to 17 years old
State of Palestine,Percentage of children (aged 5-17 years) engaged in child labour (economic activities),Male,2020,9.2,End of fieldwork,2019-20,5 to 17 years old
State of Palestine,Percentage of children (aged 5-17 years) engaged in child labour (economic activities),Total,2020,6.3,End of fieldwork,2019-20,5 to 17 years old
Sub-Saharan Africa (UNICEF Rep.Regions),Percentage of children (aged 5-17 years) engaged in child labour (economic activities),Female,2024,20.656,End of fieldwork,2020-24,5 to 17 years old
Sub-Saharan Africa (UNICEF Rep.Regions),Percentage of children (aged 5-17 years) engaged in child labour (economic activities),Male,2024,21.975,End of fieldwork,2020-24,5 to 17 years old
Sub-Saharan Africa (UNICEF Rep.Regions),Percentage of children (aged 5-17 years) engaged in child labour (economic activities),Total,2024,21.322,End of fieldwork,2020-24,5 to 17 years old
Sub-Saharan Africa (UNSDG),Percentage of children (aged 5-17 years) engaged in child labour (economic activities),Female,2024,20.761,End of fieldwork,2020-24,5 to 17 years old
Sub-Saharan Africa (UNSDG),Percentage of children (aged 5-17 years) engaged in child labour (economic activities),Male,2024,22.14,End of fieldwork,2020-24,5 to 17 years old
Sub-Saharan Africa (UNSDG),Percentage of children (aged 5-17 years) engaged in child labour (economic activities),Total,2024,21.457,End of fieldwork,2020-24,5 to 17 years old
Sudan,Percentage of children (aged 5-17 years) engaged in child labour (economic activities),Female,2022,15,End of fieldwork,2022,5 to 17 years old
Sudan,Percentage of children (aged 5-17 years) engaged in child labour (economic activities),Male,2022,15,End of fieldwork,2022,5 to 17 years old
Sudan,Percentage of children (aged 5-17 years) engaged in child labour (economic activities),Total,2022,15,End of fieldwork,2022,5 to 17 years old
Timor-Leste,Percentage of children (aged 5-17 years) engaged in child labour (economic activities),Female,2022,3.5,End of fieldwork,2022,10 to 17 years old
Timor-Leste,Percentage of children (aged 5-17 years) engaged in child labour (economic activities),Male,2022,3.8,End of fieldwork,2022,10 to 17 years old
Timor-Leste,Percentage of children (aged 5-17 years) engaged in child labour (economic activities),Total,2022,3.7,End of fieldwork,2022,10 to 17 years old
Togo,Percentage of children (aged 5-17 years) engaged in child labour (economic activities),Female,2022,27.8,End of fieldwork,2022,5 to 17 years old
Togo,Percentage of children (aged 5-17 years) engaged in child labour (economic activities),Male,2022,23.7,End of fieldwork,2022,5 to 17 years old
Togo,Percentage of children (aged 5-17 years) engaged in child labour (economic activities),Total,2022,25.7,End of fieldwork,2022,5 to 17 years old
Trinidad and Tobago,Percentage of children (aged 5-17 years) engaged in child labour (economic activities),Female,2022,3,End of fieldwork,2022,5 to 17 years old
Trinidad and Tobago,Percentage of children (aged 5-17 years) engaged in child labour (economic activities),Male,2022,5.4,End of fieldwork,2022,5 to 17 years old
Trinidad and Tobago,Percentage of children (aged 5-17 years) engaged in child labour (economic activities),Total,2022,4.2,End of fieldwork,2022,5 to 17 years old
Tunisia,Percentage of children (aged 5-17 years) engaged in child labour (economic activities),Female,2023,1.2,End of fieldwork,2023,5 to 17 years old
Tunisia,Percentage of children (aged 5-17 years) engaged in child labour (economic activities),Male,2023,2.3,End of fieldwork,2023,5 to 17 years old
Tunisia,Percentage of children (aged 5-17 years) engaged in child labour (economic activities),Total,2023,1.7,End of fieldwork,2023,5 to 17 years old
Turks and Caicos Islands,Percentage of children (aged 5-17 years) engaged in child labour (economic activities),Female,2020,2.2,End of fieldwork,2019-20,5 to 17 years old
Turks and Caicos Islands,Percentage of children (aged 5-17 years) engaged in child labour (economic activities),Male,2020,5.7,End of fieldwork,2019-20,5 to 17 years old
Turks and Caicos Islands,Percentage of children (aged 5-17 years) engaged in child labour (economic activities),Total,2020,4.1,End of fieldwork,2019-20,5 to 17 years old
Tuvalu,Percentage of children (aged 5-17 years) engaged in child labour (economic activities),Female,2020,4,End of fieldwork,2019-20,5 to 17 years old
Tuvalu,Percentage of children (aged 5-17 years) engaged in child labour (economic activities),Male,2020,3.4,End of fieldwork,2019-20,5 to 17 years old
Tuvalu,Percentage of children (aged 5-17 years) engaged in child labour (economic activities),Total,2020,3.7,End of fieldwork,2019-20,5 to 17 years old
Türkiye,Percentage of children (aged 5-17 years) engaged in child labour (economic activities),Female,2022,4.5,End of fieldwork,2022,5 to 17 years old
Türkiye,Percentage of children (aged 5-17 years) engaged in child labour (economic activities),Male,2022,6.7,End of fieldwork,2022,5 to 17 years old
Türkiye,Percentage of children (aged 5-17 years) engaged in child labour (economic activities),Total,2022,5.6,End of fieldwork,2022,5 to 17 years old
Uganda,Percentage of children (aged 5-17 years) engaged in child labour (economic activities),Female,2021,39.6,End of fieldwork,2021,5 to 17 years old
Uganda,Percentage of children (aged 5-17 years) engaged in child labour (economic activities),Male,2021,40.6,End of fieldwork,2021,5 to 17 years old
Uganda,Percentage of children (aged 5-17 years) engaged in child labour (economic activities),Total,2021,40.1,End of fieldwork,2021,5 to 17 years old
United Republic of Tanzania,Percentage of children (aged 5-17 years) engaged in child labour (economic activities),Female,2021,13,End of fieldwork,2020-21,5 to 17 years old
United Republic of Tanzania,Percentage of children (aged 5-17 years) engaged in child labour (economic activities),Male,2021,16.9,End of fieldwork,2020-21,5 to 17 years old
United Republic of Tanzania,Percentage of children (aged 5-17 years) engaged in child labour (economic activities),Total,2021,15,End of fieldwork,2020-21,5 to 17 years old
Uzbekistan,Percentage of children (aged 5-17 years) engaged in child labour (economic activities),Female,2022,14.5,End of fieldwork,2021-22,5 to 17 years old
Uzbekistan,Percentage of children (aged 5-17 years) engaged in child labour (economic activities),Male,2022,21.1,End of fieldwork,2021-22,5 to 17 years old
Uzbekistan,Percentage of children (aged 5-17 years) engaged in child labour (economic activities),Total,2022,17.8,End of fieldwork,2021-22,5 to 17 years old
Vanuatu,Percentage of children (aged 5-17 years) engaged in child labour (economic activities),Female,2023,27.4,End of fieldwork,2023,5 to 17 years old
Vanuatu,Percentage of children (aged 5-17 years) engaged in child labour (economic activities),Male,2023,26,End of fieldwork,2023,5 to 17 years old
Vanuatu,Percentage of children (aged 5-17 years) engaged in child labour (economic activities),Total,2023,26.7,End of fieldwork,2023,5 to 17 years old
Viet Nam,Percentage of children (aged 5-17 years) engaged in child labour (economic activities),Female,2023,0.9,End of fieldwork,2023,5 to 17 years old
Viet Nam,Percentage of children (aged 5-17 years) engaged in child labour (economic activities),Male,2023,1,End of fieldwork,2023,5 to 17 years old
Viet Nam,Percentage of children (aged 5-17 years) engaged in child labour (economic activities),Total,2023,1,End of fieldwork,2023,5 to 17 years old
Western Africa (African Union),Percentage of children (aged 5-17 years) engaged in child labour (economic activities),Female,2024,24.3,End of fieldwork,2020-24,5 to 17 years old
Western Africa (African Union),Percentage of children (aged 5-17 years) engaged in child labour (economic activities),Male,2024,25.9,End of fieldwork,2020-24,5 to 17 years old
Western Africa (African Union),Percentage of children (aged 5-17 years) engaged in child labour (economic activities),Total,2024,25.1,End of fieldwork,2020-24,5 to 17 years old
World,Percentage of children (aged 5-17 years) engaged in child labour (economic activities),Female,2024,6.942,End of fieldwork,2020-24,5 to 17 years old
World,Percentage of children (aged 5-17 years) engaged in child labour (economic activities),Male,2024,8.6,End of fieldwork,2020-24,5 to 17 years old
World,Percentage of children (aged 5-17 years) engaged in child labour (economic activities),Total,2024,7.796,End of fieldwork,2020-24,5 to 17 years old
Yemen,Percentage of children (aged 5-17 years) engaged in child labour (economic activities),Female,2023,5.3,End of fieldwork,2022-23,5 to 17 years old
Yemen,Percentage of children (aged 5-17 years) engaged in child labour (economic activities),Male,2023,10,End of fieldwork,2022-23,5 to 17 years old
Yemen,Percentage of children (aged 5-17 years) engaged in child labour (economic activities),Total,2023,7.7,End of fieldwork,2022-23,5 to 17 years old
Zambia,Percentage of children (aged 5-17 years) engaged in child labour (economic activities),Female,2023,17.8,End of fieldwork,2023,5 to 17 years old
Zambia,Percentage of children (aged 5-17 years) engaged in child labour (economic activities),Male,2023,15.6,End of fieldwork,2023,5 to 17 years old
Zambia,Percentage of children (aged 5-17 years) engaged in child labour (economic activities),Total,2023,16.7,End of fieldwork,2023,5 to 17 years old
